FirstName,LastName,Email
Giraldo,Algar,galgar21@kinetecoinc.com
Gustave,Alphonso,galphonso28@wisdompets.com
Romeo,Annett,rannett1e@samoca.org
Herby,Aspinal,haspinals@red30design.com
Emlyn,Attwool,eattwoolt@hplussport.com
Lydie,Awmack,lawmack1a@samoca.org
Joel,Baignard,jbaignard2k@orangevalleycaa.org
Tybie,Balme,tbalme1p@orangevalleycaa.org
Cathryn,Beau,cbeau1c@wisdompets.com
Amory,Bunyard,abunyardm@samoca.org
Carilyn,Calver,ccalver8@samoca.org
Carlin,Casterou,ccasteroux@landonhotel.com
Culley,Cawood,ccawoodr@samoca.org
Francisca,Cranmor,fcranmor27@wisdompets.com
Winnah,D'Elia,wdelia1y@red30design.com
Javier,Dawks,jdawks1@red30design.com
Oralla,Dayer,odayer12@samoca.org
Yves,Dell'Abbate,ydellabbateq@rouxacademy.org
Zechariah,Deniske,zdeniske18@kinetecoinc.com
Anthe,Dinjes,adinjesh@samoca.org
Maggi,Domney,mdomney0@wisdompets.com
Sianna,Drewell,sdrewell2b@kinetecoinc.com
Forest,Dubock,fdubock1q@red30design.com
Gilbert,Dupoy,gdupoy1t@rouxacademy.org
Clem,Durdy,cdurdy2p@hplussport.com
Angelique,Farnham,afarnham13@wisdompets.com
Aleen,Fasey,afasey2@kinetecoinc.com
Anastasie,Ferguson,aferguson1v@landonhotel.com
Curr,Fittall,cfittall2l@orangevalleycaa.org
Rubia,Fitzsymon,rfitzsymon1o@red30design.com
Eloisa,Forster,eforsterw@wisdompets.com
Dyanna,Fulger,dfulger23@red30design.com
Clementia,Furminger,cfurminger1b@kinetecoinc.com
Cleo,Goldwater,cgoldwater15@landonhotel.com
Lowrance,Gratton,lgratton14@hplussport.com
Amby,Harber,aharberi@hplussport.com
Bevvy,Harrowsmith,bharrowsmith22@red30design.com
Gus,Holyland,gholyland2f@red30design.com
Loretta,Hundey,lhundey1x@kinetecoinc.com
Demetri,Iacobacci,diacobacciv@landonhotel.com
Ive,Iles,iiles1h@samoca.org
Hagen,Itzhayek,hitzhayek1j@landonhotel.com
Brandais,Jeannaud,bjeannaud2d@hplussport.com
Taylor,Jenkins,tjenkins@rouxacademy.org
Taylor,Jenkins,tjenkins@red30design.com
Allyson,Jira,ajiraz@wisdompets.com
Ab,Jurn,ajurn2g@samoca.org
Imogen,Kabsch,ikabsch@landonhotel.com
Kahaleel,Keaton,kkeaton1k@kinetecoinc.com
Paulie,Kinvig,pkinvigo@hplussport.com
Winslow,Klass,wklass26@kinetecoinc.com
Steffie,Kleis,skleis7@wisdompets.com
Cornelia,Koppe,ckoppe1m@landonhotel.com
Cammi,Kynett,ckynett6@orangevalleycaa.org
Whitney,Lamberts,wlamberts1u@red30design.com
Blythe,Leggan,bleggan2r@rouxacademy.org
Dorella,Linbohm,dlinbohm25@rouxacademy.org
Jillane,Livingstone,jlivingstone10@wisdompets.com
Purcell,Llop,pllop1l@hplussport.com
Junie,MacRury,jmacrury2e@wisdompets.com
Caril,Matejic,cmatejic2a@orangevalleycaa.org
Sonnie,Matticci,smatticci2c@rouxacademy.org
Christyna,McGilroy,cmcgilroy11@landonhotel.com
Jobina,McKern,jmckernc@rouxacademy.org
Viola,McLarnon,vmclarnon24@orangevalleycaa.org
Herb,McParland,hmcparland2o@rouxacademy.org
Davy,Neely,dneely17@hplussport.com
Faina,Nelles,fnellesa@red30design.com
Arlen,O'Fihillie,aofihillie1f@wisdompets.com
Elmo,Ockland,eockland2h@landonhotel.com
Lani,Over,loverg@wisdompets.com
Serge,Pethrick,spethrick19@rouxacademy.org
Menard,Pitone,mpitone16@red30design.com
Trip,Pond,tpond1z@wisdompets.com
Henri,Pughe,hpughek@orangevalleycaa.org
Perceval,Redpath,predpath1g@rouxacademy.org
Hayyim,Rossander,hrossander1s@wisdompets.com
Alaster,Ruggles,aruggles1w@red30design.com
Olympia,Sansun,osansun1n@wisdompets.com
Osgood,Saunter,osaunteru@red30design.com
Melantha,Scowcroft,mscowcroft2n@kinetecoinc.com
Lelah,Seathwright,lseathwright2m@samoca.org
Norby,Sleight,nsleight1r@kinetecoinc.com
Jacquette,Spillard,jspillard29@red30design.com
Orton,Stavers,ostaversb@orangevalleycaa.org
Paco,Stephenson,pstephenson@rouxacademy.org
Carl,Stevens,cstevens@wisdompets.com
Iver,Stevensen,istevensen@rouxacademy.org
Kala,Stevenson,kstevenson@landonhotel.com
Merle,Sukbhans,msukbhans20@orangevalleycaa.org
Barbara-anne,Sweet,bsweet9@samoca.org
Carla,Swinfen,cswinfenf@kinetecoinc.com
Asher,Tapley,atapley2j@kinetecoinc.com
Chance,Todeo,ctodeoe@wisdompets.com
Jack,Vaan,jvaan1d@wisdompets.com
Jacinta,Vallis,jvallisj@kinetecoinc.com
Robbert,Walkowski,rwalkowski1i@kinetecoinc.com
Don,Weingarten,dweingarten@kinetecoinc.com
Luciano,Winton,lwintony@hplussport.com
Cassandre,Wragg,cwraggl@landonhotel.com
